,response latency,response window,reward window,early lick times,stim-evoked lick times,reward-evoked lick times,ITI-evoked lick times,early lick?,trialType,validated outcomes,previous outcome,trial type
0,0.71075,1.28925,1.54685,[],"[0.71075, 0.7496499999999999, 0.8914, 0.9460999999999999, 1.05645, 1.1124, 1.2653499999999998, 1.3212000000000002, 1.4397000000000002, 1.4924999999999997, 1.6178499999999998, 1.67455, 1.7934999999999999, 1.84985]","[2.45315, 2.4775, 2.5695499999999996, 2.6039000000000003, 2.6914999999999996, 2.7291999999999996, 2.82205, 2.8644499999999997, 2.9463, 2.99055, 3.0801, 3.1302000000000003, 3.2176, 3.26865, 3.3554000000000004, 3.4082999999999997, 3.5006000000000004, 3.5512499999999996, 3.64905, 3.7032, 3.79755, 3.8538500000000004, 3.94895]","[4.00885, 4.11385, 4.17045, 4.26815, 4.33285, 4.4369, 4.4884, 4.58425, 4.65325, 4.67025, 4.67745, 4.75275, 4.8133, 4.91515, 4.97515]",False,G,hit,Nan,first HIT
1,0.0,0.0,0.0,[],[],[],[],False,N,CR,hit,nCATCH
2,0.0,0.0,0.0,[],[],[],[],False,N,CR,CR,cCATCH
3,0.68065,1.31935,1.7800000000000002,[],"[0.68065, 0.7291500000000002, 0.86035, 0.9066000000000001, 1.0169499999999996, 1.06935, 1.1822499999999998, 1.2348499999999998, 1.3456000000000001, 1.4123999999999999, 1.5460500000000001, 1.5877999999999997, 1.7026500000000002, 1.7488000000000001, 1.8764500000000002, 1.9038000000000004]","[2.2199999999999998, 2.2319000000000004, 2.3390000000000004, 2.36285, 2.4561, 2.4852999999999996, 2.5816, 2.62775, 2.7215, 2.74475, 2.84825, 2.8861499999999998, 2.9805, 3.0199499999999997, 3.1045, 3.1488500000000004, 3.24, 3.2894500000000004, 3.3828500000000004, 3.43105, 3.5328, 3.5828499999999996, 3.6807999999999996, 3.7455499999999997, 3.8335, 3.8865499999999997, 3.9858000000000002]","[4.0379, 4.12955, 4.1876, 4.28695, 4.3515, 4.3695, 4.3766, 4.45635, 4.5074, 4.6129, 4.67305, 4.77965, 4.84685, 4.95375]",False,G,hit,CR,nHIT
4,0.57965,1.42035,1.9249,[],"[0.57965, 0.6067999999999998, 0.75875, 0.7857500000000002, 0.9095499999999999, 0.9548000000000001, 1.0728999999999997, 1.1231, 1.2492999999999999, 1.3000499999999997, 1.4221500000000002, 1.4848999999999997, 1.5824499999999997, 1.6456499999999998, 1.7403500000000003, 1.8008499999999996, 1.9173499999999999, 1.9755500000000001]","[2.0751, 2.13115, 2.3755499999999996, 2.4067999999999996, 2.4889, 2.5339, 2.6201, 2.6603000000000003, 2.7471500000000004, 2.79305, 2.8756000000000004, 2.9312500000000004, 3.01825, 3.0716, 3.15895, 3.2098000000000004, 3.3009000000000004, 3.3553499999999996, 3.4475499999999997, 3.5102, 3.6035000000000004, 3.6593999999999998, 3.76025, 3.8183999999999996, 3.9235499999999996, 3.98245]","[4.0863, 4.13725, 4.24525, 4.3054, 4.39985, 4.4599, 4.5657, 4.6368, 4.7267, 4.83165, 4.91515, 4.9745]",False,G,hit,hit,cHIT
5,0.0,0.0,0.0,[],[],[],[],False,N,CR,hit,nCATCH
6,0.0,0.0,0.0,[],[],[],[],False,N,CR,CR,cCATCH
7,0.718,1.282,1.9964500000000005,[],"[0.718, 0.7389999999999999, 0.86395, 0.9165000000000001, 1.0181500000000003, 1.0656999999999996, 1.1734, 1.2241499999999998, 1.3287000000000004, 1.3857, 1.4830500000000004, 1.5390499999999996, 1.6353999999999997, 1.6825, 1.8059500000000002, 1.8588500000000003, 1.9562]","[2.0035499999999997, 2.1031500000000003, 2.15275, 2.38035, 2.41195, 2.49575, 2.53505, 2.6148999999999996, 2.66125, 2.7462, 2.7972, 2.87465, 2.91915, 3.0103999999999997, 3.0581500000000004, 3.1552499999999997, 3.21455, 3.2969999999999997, 3.3574, 3.4468500000000004, 3.4978999999999996, 3.59155, 3.6427500000000004, 3.7354000000000003, 3.7887000000000004, 3.8812499999999996, 3.9361499999999996]","[4.0347, 4.08, 4.18535, 4.23635, 4.329, 4.3821, 4.4835, 4.5402, 4.6504, 4.71205, 4.8051, 4.8748, 4.9904]",False,G,hit,CR,nHIT
8,0.5854499999999998,1.4145500000000002,1.95705,[],"[0.5854499999999998, 0.6139000000000001, 0.7648999999999999, 0.80795, 0.9216500000000001, 0.9649999999999999, 1.0818500000000002, 1.1391499999999999, 1.2502000000000004, 1.3133499999999998, 1.41465, 1.4719499999999996, 1.5758, 1.6319, 1.7310999999999996, 1.7831000000000001, 1.8878500000000003, 1.93975]","[2.0429500000000003, 2.0965, 2.1875, 2.23695, 2.3111499999999996, 2.3439500000000004, 2.4246499999999997, 2.46985, 2.5477, 2.5926, 2.6792, 2.7272999999999996, 2.8057999999999996, 2.8598999999999997, 2.9456499999999997, 2.9954, 3.0824, 3.13385, 3.2215, 3.2733499999999998, 3.3655999999999997, 3.4202000000000004, 3.5185500000000003, 3.5713999999999997, 3.6816500000000003, 3.7344, 3.82395, 3.88025, 3.97785]","[4.03035, 4.13615, 4.1865, 4.2827, 4.34735, 4.4411, 4.49625, 4.5996, 4.6701, 4.76205, 4.83395, 4.8419, 4.86035, 4.93745]",False,G,hit,hit,cHIT
9,0.0,0.0,0.0,[],[],[],[],False,N,CR,hit,nCATCH
10,0.0,0.0,0.0,[],[],[],[],False,N,CR,CR,cCATCH
11,0.7375500000000001,1.26245,1.9838,[],"[0.7375500000000001, 0.76335, 0.8875500000000001, 0.9311500000000001, 1.0417500000000004, 1.09565, 1.2075500000000003, 1.2613000000000003, 1.3778499999999996, 1.4346500000000004, 1.54685, 1.5971000000000002, 1.7078499999999996, 1.7637, 1.85895, 1.9234499999999999]","[2.0162000000000004, 2.0665500000000003, 2.17535, 2.2048500000000004, 2.3029, 2.3118, 2.4110500000000004, 2.44505, 2.5312, 2.5719000000000003, 2.66305, 2.70345, 2.78765, 2.83385, 2.9246, 2.97095, 3.0637, 3.1111500000000003, 3.2001, 3.2496, 3.3438999999999997, 3.39365, 3.4852499999999997, 3.5383500000000003, 3.63455, 3.6908000000000003, 3.78965, 3.84455, 3.9452499999999997]","[4.0048, 4.0947, 4.15015, 4.25955, 4.3076, 4.40105, 4.4541, 4.55175, 4.6046, 4.706, 4.76885]",False,G,hit,CR,nHIT
12,0.0,0.0,0.0,[],[],[],[],False,N,CR,hit,nCATCH
13,0.4631500000000002,1.5368499999999998,1.94085,"[-0.46225000000000005, -0.4219499999999998, -0.2520500000000001, -0.20029999999999992, -0.07545000000000002, -0.01924999999999999]","[0.4631500000000002, 0.5121000000000002, 0.7815500000000002, 0.82605, 0.9525999999999999, 0.984, 1.1099500000000004, 1.15055, 1.25995, 1.3095999999999997, 1.4191000000000003, 1.4873500000000002, 1.5856000000000003, 1.6364999999999998, 1.7417999999999996, 1.7914000000000003, 1.8956, 1.9695999999999998]","[2.05915, 2.11085, 2.4052499999999997, 2.4419000000000004, 2.5197000000000003, 2.5646500000000003, 2.6430499999999997, 2.68745, 2.7779499999999997, 2.8274, 2.9130000000000003, 2.9635999999999996, 3.0538499999999997, 3.10445, 3.1917, 3.2405999999999997, 3.3343, 3.3857999999999997, 3.4774000000000003, 3.5243, 3.62265, 3.6736500000000003, 3.7742500000000003, 3.82655, 3.9326999999999996, 3.9791999999999996]","[4.076, 4.13885, 4.23745, 4.2937, 4.39835, 4.4564, 4.5565, 4.6163, 4.71, 4.7686, 4.883, 4.9438]",True,G,early lick,CR,early lick
14,0.0,0.0,0.0,[],[],[],[],False,N,CR,early lick,post-mistake-CATCH
15,0.5627499999999999,1.43725,1.9509,[],"[0.5627499999999999, 0.5987499999999999, 0.7206000000000001, 0.7671000000000001, 0.89365, 0.9430000000000001, 1.0556999999999999, 1.1082999999999998, 1.2178500000000003, 1.2737499999999997, 1.3732499999999996, 1.4292499999999997, 1.53165, 1.5856500000000002, 1.6824500000000002, 1.7398499999999997, 1.8421500000000002, 1.8943000000000003, 1.9911500000000002]","[2.0491, 2.14185, 2.1967499999999998, 2.5158500000000004, 2.56205, 2.6423500000000004, 2.6851000000000003, 2.7742500000000003, 2.8251, 2.9115, 2.9627, 3.0541, 3.1018999999999997, 3.1925499999999998, 3.24505, 3.33845, 3.3958000000000004, 3.4944499999999996, 3.5538499999999997, 3.65125, 3.70205, 3.79565, 3.859, 3.9499500000000003]","[4.0052, 4.10935, 4.1669, 4.27105, 4.33875, 4.3482, 4.3601, 4.4516, 4.5026, 4.59735, 4.654, 4.74745, 4.8057, 4.91335, 4.9784]",False,G,hit,CR,nHIT
16,0.2791000000000001,1.7209,1.87475,[],"[0.2791000000000001, 0.2930999999999999, 0.9018999999999999, 0.9474999999999998, 1.0723500000000001, 1.1277999999999997, 1.2716000000000003, 1.3247499999999999, 1.4383499999999998, 1.4926000000000004, 1.6183500000000004, 1.6739499999999996, 1.7801999999999998, 1.8345500000000001, 1.9442500000000003, 1.9975500000000004]","[2.1252500000000003, 2.1755000000000004, 2.37995, 2.4132, 2.4962, 2.5355, 2.62425, 2.6729000000000003, 2.7490500000000004, 2.8044000000000002, 2.8853999999999997, 2.9369500000000004, 3.024, 3.0759, 3.1629500000000004, 3.2144500000000003, 3.30485, 3.35625, 3.4515000000000002, 3.51215, 3.6007, 3.6553500000000003, 3.7572, 3.8296, 3.9193499999999997, 3.9682000000000004]","[4.0814, 4.1377, 4.2293, 4.29315, 4.40095, 4.4633, 4.56595, 4.6383, 4.7424, 4.81335, 4.8247, 4.83045, 4.9339, 4.99285]",False,G,hit,hit,cHIT
17,0.0,0.0,0.0,[],[],[],[],False,N,CR,hit,nCATCH
18,0.7164999999999999,1.2835,1.9446000000000003,[],"[0.7164999999999999, 0.76065, 0.8873000000000002, 0.9435500000000001, 1.0500499999999997, 1.1154000000000002, 1.2302499999999998, 1.2843999999999998, 1.3914999999999997, 1.4562, 1.5545, 1.6154000000000002, 1.7146, 1.7692500000000004, 1.8784999999999998, 1.9408500000000002]","[2.0553999999999997, 2.0976999999999997, 2.3212, 2.3509, 2.4345999999999997, 2.4764, 2.5582000000000003, 2.6042500000000004, 2.6934500000000003, 2.73705, 2.82475, 2.8758999999999997, 2.9640500000000003, 3.0126999999999997, 3.09785, 3.1510999999999996, 3.2433500000000004, 3.293, 3.3859500000000002, 3.43865, 3.5349000000000004, 3.5904499999999997, 3.68185, 3.7394499999999997, 3.8296, 3.8851500000000003, 3.9830500000000004]","[4.03325, 4.1354, 4.1934, 4.29645, 4.3543, 4.4475, 4.5056, 4.6159, 4.6745, 4.78075, 4.8379, 4.9472, 4.9994]",False,G,hit,CR,nHIT
19,0.0,0.0,0.8091999999999997,[],[],"[3.1908000000000003, 3.2415000000000003, 3.3738, 3.4410999999999996, 3.56825, 3.6146000000000003, 3.7686, 3.8179, 3.9261999999999997, 3.9861500000000003]","[4.09215, 4.147, 4.26465, 4.31625, 4.4114, 4.4624, 4.56925, 4.61425, 4.71125, 4.77235, 4.86545, 4.92125]",False,N,CR,hit,nCATCH
20,0.3797000000000001,1.6203,1.9682000000000004,[],"[0.37970000000000015, 0.39749999999999996, 0.66385, 0.7005499999999998, 0.83595, 0.8908, 1.0030000000000001, 1.0547000000000004, 1.1950000000000003, 1.2463499999999996, 1.3824500000000004, 1.4364999999999997, 1.5542999999999996, 1.6135000000000002, 1.7129500000000002, 1.7655000000000003, 1.8667499999999997, 1.9389000000000003]","[2.0317999999999996, 2.0853, 2.19825, 2.21485, 2.30415, 2.33915, 2.4208499999999997, 2.46415, 2.545, 2.5885, 2.6762499999999996, 2.72415, 2.8126499999999997, 2.86355, 2.9515000000000002, 3.0006000000000004, 3.09145, 3.1438499999999996, 3.2340999999999998, 3.2862, 3.3840000000000003, 3.4397, 3.5369, 3.5970000000000004, 3.6867, 3.7367999999999997, 3.8388999999999998, 3.9006999999999996, 3.99765]","[4.06565, 4.1695, 4.2255, 4.3296, 4.39055, 4.4946, 4.5586, 4.6653, 4.72945, 4.74765, 4.7582, 4.8446, 4.9058]",False,G,hit,CR,nHIT
21,0.0,0.0,0.0,[],[],[],[],False,N,CR,hit,nCATCH
22,0.0,0.0,0.0,[],[],[],[],False,N,CR,CR,cCATCH
23,0.6328999999999998,1.3671000000000002,1.9800500000000003,[],"[0.6328999999999998, 0.6574499999999999, 0.7968000000000002, 0.8446500000000001, 0.9729999999999999, 1.0324499999999999, 1.1409000000000002, 1.2093999999999996, 1.3093500000000002, 1.3643999999999998, 1.4889999999999999, 1.5413500000000004, 1.6345, 1.6903499999999996, 1.7950999999999997, 1.8476999999999997, 1.9539999999999997]","[2.0199499999999997, 2.12685, 2.17455, 2.3872, 2.41815, 2.5088, 2.5458499999999997, 2.63455, 2.6788, 2.7623499999999996, 2.8086, 2.89635, 2.9417, 3.0319000000000003, 3.0809499999999996, 3.1699, 3.2212500000000004, 3.3137499999999998, 3.3643, 3.4566, 3.50765, 3.6091499999999996, 3.66035, 3.7638499999999997, 3.8163, 3.9160000000000004, 3.9684999999999997]","[4.0624, 4.11885, 4.2142, 4.2691, 4.3745, 4.43435, 4.536, 4.5961, 4.69515, 4.7652, 4.775, 4.79435, 4.89255, 4.94215]",False,G,hit,CR,nHIT
24,0.61815,1.38185,1.8876,[],"[0.61815, 0.6594000000000002, 0.7915999999999999, 0.84395, 0.9764499999999998, 1.0244499999999999, 1.15205, 1.2026500000000002, 1.3202499999999997, 1.3781499999999998, 1.4762000000000004, 1.5277000000000003, 1.6293499999999996, 1.6875999999999998, 1.7988, 1.8449499999999999, 1.9587500000000002, 1.9942000000000002]","[2.1124, 2.16875, 2.37615, 2.4152500000000003, 2.4928999999999997, 2.5401, 2.6186499999999997, 2.6750999999999996, 2.7500999999999998, 2.8027499999999996, 2.89055, 2.9416, 3.0397499999999997, 3.0919999999999996, 3.1751500000000004, 3.23855, 3.3261000000000003, 3.3849, 3.4795499999999997, 3.5454, 3.55755, 3.57205, 3.64245, 3.70495, 3.7196499999999997, 3.7321, 3.80115, 3.8609, 3.95075]","[4.0213, 4.1105, 4.1761, 4.27165, 4.3717, 4.4605, 4.5169, 4.6383, 4.66885, 4.9261, 4.9911]",False,G,hit,hit,cHIT
25,0.0,0.0,0.0,[],[],[],[],False,N,CR,hit,nCATCH
26,0.0,0.0,0.0,[],[],[],[],False,N,CR,CR,cCATCH
27,0.6608499999999999,1.33915,1.93005,[],"[0.6608499999999999, 0.7098499999999999, 0.83405, 0.8839999999999999, 1.0192500000000004, 1.0774499999999998, 1.1958000000000002, 1.2519999999999998, 1.3712999999999997, 1.4246999999999996, 1.5701999999999998, 1.6231, 1.7325499999999998, 1.7835, 1.8925999999999998, 1.9459999999999997]","[2.0699500000000004, 2.10905, 2.45425, 2.48245, 2.5699500000000004, 2.61585, 2.6957000000000004, 2.7439, 2.8294499999999996, 2.87685, 2.9631999999999996, 3.0180999999999996, 3.10105, 3.14985, 3.24005, 3.29385, 3.3827499999999997, 3.43905, 3.5332, 3.58685, 3.6824500000000002, 3.7350000000000003, 3.82995, 3.8846, 3.9865500000000003]","[4.05885, 4.1492, 4.2072, 4.31105, 4.375, 4.4721, 4.53635, 4.6305, 4.70055, 4.71365, 4.7266, 4.81835, 4.87245]",False,G,hit,CR,nHIT
28,0.0,0.0,0.0,[],[],[],[],False,N,CR,hit,nCATCH
29,0.5533000000000001,1.4467,1.92615,[],"[0.5533000000000001, 0.6010499999999999, 0.7340499999999999, 0.78315, 0.91385, 0.96625, 1.1052999999999997, 1.1569000000000003, 1.2754000000000003, 1.3209999999999997, 1.4381000000000004, 1.4941000000000004, 1.59905, 1.6500500000000002, 1.76065, 1.8193000000000001, 1.9127999999999998, 1.9705000000000004]","[2.07385, 2.117, 2.3465999999999996, 2.3680000000000003, 2.4570499999999997, 2.4962, 2.5747, 2.6222000000000003, 2.7009999999999996, 2.7439999999999998, 2.8324, 2.88105, 2.97145, 3.0212000000000003, 3.1123000000000003, 3.165, 3.2526, 3.30795, 3.4035, 3.4598000000000004, 3.5505500000000003, 3.60515, 3.71105, 3.7643500000000003, 3.857, 3.907]","[4.01915, 4.06425, 4.1596, 4.21435, 4.31155, 4.3647, 4.4624, 4.52145, 4.62475, 4.682, 4.78855, 4.8485, 4.96515]",False,G,hit,CR,nHIT
30,0.7699500000000001,1.23005,1.9832,[],"[0.7699500000000001, 0.8007499999999999, 0.9384999999999999, 0.9902500000000001, 1.12845, 1.1837, 1.2937000000000003, 1.3514999999999997, 1.4795499999999997, 1.5370499999999998, 1.64325, 1.7175500000000001, 1.8110999999999997, 1.86205, 1.9631999999999996]","[2.0168, 2.1155999999999997, 2.16575, 2.3789999999999996, 2.4162, 2.4949500000000002, 2.5412999999999997, 2.62965, 2.6666999999999996, 2.75115, 2.7999, 2.8875, 2.9366000000000003, 3.0212000000000003, 3.07515, 3.1670499999999997, 3.2183, 3.30785, 3.3621, 3.45845, 3.51675, 3.6052999999999997, 3.6589, 3.7531, 3.80635, 3.8964999999999996, 3.9617500000000003]","[4.0571, 4.121, 4.2192, 4.27545, 4.37865, 4.4342, 4.5306, 4.59965, 4.7006, 4.7649, 4.7796, 4.789, 4.87945, 4.94875, 4.96475, 4.97195]",False,G,hit,hit,cHIT
31,0.0,0.0,0.0,[],[],[],[],False,N,CR,hit,nCATCH
32,0.2792500000000002,1.7207499999999998,1.9199,"[-0.44384999999999986, -0.39480000000000004, -0.26750000000000007, -0.21024999999999983, -0.07894999999999985, -0.028449999999999864]","[0.2792500000000002, 0.32585, 0.44289999999999985, 0.48165000000000013, 0.5661, 0.6206499999999999, 0.7584, 0.7851499999999998, 1.0728999999999997, 1.09945, 1.2662500000000003, 1.2721, 1.4128999999999996, 1.46115, 1.5814500000000002, 1.6344500000000002, 1.7445000000000004, 1.7963500000000003, 1.9001000000000001, 1.9509499999999997]","[2.0801, 2.1223, 2.3472, 2.3848000000000003, 2.4631, 2.5067500000000003, 2.5888999999999998, 2.6298000000000004, 2.7166499999999996, 2.7662500000000003, 2.84075, 2.88995, 2.9781000000000004, 3.0271999999999997, 3.11655, 3.1734, 3.2581499999999997, 3.3216, 3.4162, 3.46455, 3.5509500000000003, 3.6031000000000004, 3.7037500000000003, 3.7622999999999998, 3.85515, 3.9056499999999996]","[4.0016, 4.05355, 4.1582, 4.22335, 4.31835, 4.3772, 4.48945, 4.5562, 4.6626, 4.72665, 4.85755, 4.90725]",True,G,early lick,CR,early lick
33,0.0,0.0,1.2693000000000003,[],[],"[2.7306999999999997, 2.7489999999999997]",[],False,N,CR,early lick,post-mistake-CATCH
34,0.8832,1.1168,1.9793000000000005,[],"[0.8832, 0.9341499999999998, 1.08845, 1.13, 1.28545, 1.3244499999999997, 1.4647500000000004, 1.5115999999999996, 1.6315499999999998, 1.6884499999999996, 1.8032500000000002, 1.8516000000000004, 1.9678500000000003]","[2.0206999999999997, 2.13805, 2.1944, 2.2769500000000003, 2.3080999999999996, 2.3876, 2.4334499999999997, 2.50765, 2.5561, 2.64365, 2.68855, 2.7663, 2.81395, 2.89825, 2.9485, 3.0298, 3.0851499999999996, 3.1832000000000003, 3.2344999999999997, 3.32095, 3.3755499999999996, 3.4717000000000002, 3.5250500000000002, 3.6185, 3.67795, 3.7672999999999996, 3.83535, 3.8496499999999996, 3.85755, 3.9256, 3.98705]","[4.0843, 4.1372, 4.24535, 4.3101, 4.3983, 4.46555, 4.58345, 4.6512, 4.73955, 4.8053, 4.9287, 4.99285]",False,G,hit,CR,nHIT
35,0.0,0.0,0.0,[],[],[],[],False,N,CR,hit,nCATCH
36,0.0,0.0,0.0,[],[],[],[],False,N,CR,CR,cCATCH
37,0.6132,1.3868,1.9445,[],"[0.6132, 0.6508500000000002, 0.7746, 0.8187500000000001, 0.9506999999999999, 0.9918, 1.1159999999999997, 1.1645000000000003, 1.2789000000000001, 1.3423999999999996, 1.44165, 1.4916, 1.5907999999999998, 1.6452, 1.7499500000000001, 1.7975500000000002, 1.8952499999999999, 1.94665]","[2.0555000000000003, 2.1087, 2.3161500000000004, 2.3491, 2.4299999999999997, 2.4753999999999996, 2.5520500000000004, 2.5976, 2.67955, 2.7288500000000004, 2.8070000000000004, 2.8581000000000003, 2.9542, 3.00535, 3.0920500000000004, 3.1471, 3.2406499999999996, 3.29455, 3.3836000000000004, 3.4398999999999997, 3.5362, 3.5925000000000002, 3.69095, 3.74915, 3.83465, 3.8925, 3.9891500000000004]","[4.0537, 4.1456, 4.20675, 4.3098, 4.3688, 4.4678, 4.53685, 4.54765, 4.5601, 4.6284, 4.6947, 4.7102, 4.72205, 4.8133, 4.8732]",False,G,hit,CR,nHIT
38,0.6189499999999999,1.38105,1.90515,[],"[0.6189499999999999, 0.6663000000000001, 0.8003499999999999, 0.84375, 0.9739499999999999, 1.0227000000000004, 1.1441999999999997, 1.2041500000000003, 1.3203500000000004, 1.3758999999999997, 1.4896000000000003, 1.5471000000000004, 1.6424000000000003, 1.7071500000000004, 1.7960500000000001, 1.8434, 1.9375999999999998, 1.98935]","[2.09485, 2.1495499999999996, 2.3748500000000003, 2.39515, 2.48365, 2.5285, 2.6075, 2.65125, 2.73595, 2.7878, 2.8726000000000003, 2.92415, 3.0141, 3.0658000000000003, 3.15395, 3.2111, 3.3084, 3.372, 3.38795, 3.39855, 3.4722, 3.5272500000000004, 3.6289499999999997, 3.68335, 3.7750500000000002, 3.8327999999999998, 3.9326, 3.9910500000000004]","[4.0928, 4.15585, 4.2534, 4.3056, 4.4061, 4.4635, 4.564, 4.661, 4.7431, 4.8095, 4.82325, 4.8365, 4.94415]",False,G,hit,hit,cHIT
39,0.0,0.0,0.0,[],[],[],[],False,N,CR,hit,nCATCH
40,0.0,0.0,0.0,[],[],[],[],False,N,CR,CR,cCATCH
41,0.4512499999999999,1.54875,1.9571500000000004,"[-0.4756499999999999, -0.4385500000000002, -0.27070000000000016, -0.21819999999999995, -0.09640000000000004, -0.052200000000000024]","[0.45124999999999993, 0.4756999999999998, 0.58325, 0.6386500000000002, 0.75345, 0.8016999999999999, 0.91785, 0.9763999999999999, 1.0700000000000003, 1.1261, 1.2163000000000004, 1.2971000000000004, 1.37695, 1.4428999999999998, 1.5412999999999997, 1.5895000000000001, 1.6944, 1.7575000000000003, 1.8422, 1.8898000000000001, 1.99965]","[2.0428499999999996, 2.4019000000000004, 2.4387, 2.5196500000000004, 2.5653499999999996, 2.65235, 2.69785, 2.78315, 2.82615, 2.91535, 2.9661999999999997, 3.0568999999999997, 3.1083499999999997, 3.19545, 3.2457000000000003, 3.3346, 3.38635, 3.47675, 3.52665, 3.6231999999999998, 3.6716499999999996, 3.7718999999999996, 3.8202, 3.9155499999999996, 3.9657]","[4.06485, 4.1189, 4.22875, 4.2782, 4.3854, 4.44675, 4.5469, 4.5981, 4.7039, 4.76375, 4.88545, 4.94125]",True,G,early lick,CR,early lick
42,0.0,0.0,1.2334500000000004,[],[],"[2.7665499999999996, 2.8108000000000004, 2.9478, 2.9917999999999996, 3.12995, 3.1816000000000004, 3.3213999999999997, 3.3735999999999997, 3.5183, 3.5633999999999997, 3.68855, 3.7408, 3.85985, 3.91195]","[4.02415, 4.0801, 4.1852, 4.24965, 4.3498, 4.4064, 4.50005, 4.5493, 4.64595, 4.7002, 4.80105, 4.8548, 4.95785]",False,N,CR,early lick,post-mistake-CATCH
43,0.5827499999999999,1.41725,1.94845,[],"[0.5827499999999999, 0.61625, 0.7536, 0.8038500000000002, 0.9352, 0.9870999999999999, 1.1119000000000003, 1.1776999999999997, 1.1905000000000001, 1.2004000000000001, 1.3094999999999999, 1.3606999999999996, 1.5068000000000001, 1.5619500000000004, 1.6569000000000003, 1.70805, 1.8331999999999997, 1.888, 1.9962999999999997]","[2.0515499999999998, 2.15405, 2.2040499999999996, 2.3991, 2.44015, 2.5185500000000003, 2.5660999999999996, 2.6412000000000004, 2.68835, 2.7737499999999997, 2.8236499999999998, 2.9090499999999997, 2.96305, 3.0496499999999997, 3.1018499999999998, 3.1893000000000002, 3.24475, 3.3388999999999998, 3.3920500000000002, 3.4871499999999997, 3.5399000000000003, 3.6351000000000004, 3.6853999999999996, 3.7746500000000003, 3.82665, 3.93095, 3.9843]","[4.0924, 4.1417, 4.2419, 4.3007, 4.38815, 4.44265, 4.5514, 4.61975, 4.71525, 4.78245, 4.8917, 4.95015]",False,G,hit,CR,nHIT
44,0.0,0.0,0.0,[],[],[],[],False,N,CR,hit,nCATCH
45,0.6225999999999998,1.3774000000000002,1.90065,[],"[0.6225999999999998, 0.6727500000000002, 0.7807, 0.8329499999999999, 0.9559000000000002, 1.00765, 1.12045, 1.173, 1.2858, 1.3422, 1.4564500000000002, 1.52665, 1.6254, 1.67645, 1.77745, 1.8308999999999997, 1.9377000000000004, 1.9916999999999998]","[2.0993500000000003, 2.1528, 2.3706500000000004, 2.4117499999999996, 2.4959, 2.5332999999999997, 2.6205999999999996, 2.6715, 2.74805, 2.7992999999999997, 2.8825000000000003, 2.9349499999999997, 3.0309999999999997, 3.0805, 3.16625, 3.22095, 3.3141499999999997, 3.3666, 3.4581999999999997, 3.51365, 3.6041999999999996, 3.6584000000000003, 3.7621, 3.8128, 3.9151499999999997, 3.96875]","[4.06985, 4.1207, 4.22565, 4.2761, 4.372, 4.4298, 4.5254, 4.5964, 4.69995, 4.7708, 4.8884, 4.93485]",False,G,hit,CR,nHIT
46,0.76465,1.23535,1.99435,[],"[0.76465, 0.8164500000000001, 0.9388999999999998, 0.9857, 1.1181999999999999, 1.1691500000000001, 1.2946, 1.3474000000000004, 1.45385, 1.5065999999999997, 1.6214000000000004, 1.6723499999999998, 1.7871499999999996, 1.8491, 1.9496000000000002]","[2.00565, 2.1068499999999997, 2.1601, 2.2764499999999996, 2.28925, 2.37, 2.4036999999999997, 2.48815, 2.529, 2.6148499999999997, 2.66535, 2.7427, 2.79805, 2.8845, 2.9329, 3.02355, 3.0780000000000003, 3.1628999999999996, 3.22745, 3.3179, 3.3747999999999996, 3.47265, 3.5259, 3.6239999999999997, 3.67375, 3.7666000000000004, 3.8245500000000003, 3.9147, 3.97035]","[4.07375, 4.12335, 4.21745, 4.291, 4.38015, 4.44415, 4.54675, 4.6133, 4.62805, 4.63885, 4.74085, 4.79615, 4.9162, 4.9834]",False,G,hit,hit,cHIT
47,0.0,0.0,0.0,[],[],[],[],False,N,CR,hit,nCATCH
48,0.0,0.0,0.0,[],[],[],[],False,N,CR,CR,cCATCH
49,0.74045,1.25955,1.9369500000000004,[],"[0.74045, 0.79385, 0.9113500000000001, 0.9701, 1.0882500000000004, 1.1281999999999996, 1.2664499999999999, 1.3361, 1.42795, 1.4832, 1.60365, 1.6556499999999996, 1.7556000000000003, 1.80645, 1.9100000000000001, 1.9604499999999998]","[2.0630499999999996, 2.11845, 2.3387000000000002, 2.3725500000000004, 2.4551, 2.4931, 2.5753000000000004, 2.6203000000000003, 2.69925, 2.7405, 2.82855, 2.8759499999999996, 2.96225, 3.0126999999999997, 3.0934, 3.1422999999999996, 3.2355, 3.28475, 3.3708, 3.4251500000000004, 3.5154500000000004, 3.5780000000000003, 3.66805, 3.7266000000000004, 3.8271499999999996, 3.8808499999999997, 3.9719499999999996]","[4.0265, 4.12685, 4.17725, 4.27125, 4.32205, 4.41505, 4.47255, 4.5691, 4.63455, 4.7332, 4.7923, 4.8899, 4.95515]",False,G,hit,CR,nHIT
50,0.0,0.0,0.0,[],[],[],[],False,N,CR,hit,nCATCH
51,0.5747499999999999,1.42525,1.9095000000000004,[],"[0.5747499999999999, 0.61625, 0.7555499999999999, 0.8037999999999998, 0.9211499999999999, 0.9771000000000001, 1.1150000000000002, 1.1619000000000002, 1.2800000000000002, 1.338, 1.4576000000000002, 1.5110000000000001, 1.6220999999999997, 1.6734, 1.7806499999999996, 1.8318500000000002, 1.93635, 1.9958999999999998]","[2.0904999999999996, 2.14555, 2.4875999999999996, 2.52905, 2.615, 2.6616, 2.7422500000000003, 2.7868000000000004, 2.8705, 2.9242, 3.0045, 3.0553, 3.1445, 3.19355, 3.2872000000000003, 3.3389499999999996, 3.4281499999999996, 3.4837, 3.5833000000000004, 3.63065, 3.71375, 3.7641, 3.8487, 3.89905, 3.98675]","[4.0414, 4.13395, 4.1879, 4.2823, 4.343, 4.4444, 4.5068, 4.61425, 4.6682, 4.774, 4.8496, 4.85465, 4.8636, 4.96165]",False,G,hit,CR,nHIT
52,0.6770999999999998,1.3229000000000002,1.98665,[],"[0.6770999999999998, 0.7235, 0.84145, 0.8988999999999998, 1.0215500000000004, 1.0678999999999998, 1.18025, 1.2477999999999998, 1.2632500000000002, 1.2687999999999997, 1.3471000000000002, 1.4051999999999998, 1.5127499999999996, 1.5670000000000002, 1.6606500000000004, 1.7254500000000004, 1.8174000000000001, 1.87465, 1.9604499999999998]","[2.01335, 2.1115000000000004, 2.1628499999999997, 2.3676500000000003, 2.4082, 2.4912, 2.5348499999999996, 2.6174999999999997, 2.6681, 2.7539, 2.8080499999999997, 2.89285, 2.9448999999999996, 3.0271999999999997, 3.0805, 3.1603000000000003, 3.2119, 3.3023999999999996, 3.35555, 3.4515000000000002, 3.5047499999999996, 3.6007499999999997, 3.6679500000000003, 3.7554499999999997, 3.8091, 3.9015500000000003, 3.9513]","[4.046, 4.1014, 4.1931, 4.25055, 4.35575, 4.4325, 4.52455, 4.57625, 4.67865, 4.7419, 4.85415, 4.92035]",False,G,hit,hit,cHIT
53,0.0,0.0,0.0,[],[],[],[],False,N,CR,hit,nCATCH
54,0.7490000000000001,1.251,1.94365,[],"[0.7490000000000001, 0.7995999999999999, 0.9076, 0.9652500000000002, 1.0997000000000003, 1.1437999999999997, 1.2732, 1.3170000000000002, 1.4233000000000002, 1.4798499999999999, 1.5823, 1.6428000000000003, 1.7503000000000002, 1.80415, 1.9104, 1.9627999999999997]","[2.05635, 2.1112, 2.2022000000000004, 2.24195, 2.3259999999999996, 2.35565, 2.4384499999999996, 2.4830500000000004, 2.5585500000000003, 2.6043000000000003, 2.6873500000000003, 2.7363, 2.8289, 2.87805, 2.9625500000000002, 3.0119499999999997, 3.10825, 3.1582999999999997, 3.24585, 3.2979000000000003, 3.3848000000000003, 3.4414999999999996, 3.5351999999999997, 3.58615, 3.67865, 3.7365500000000003, 3.8385499999999997, 3.8900499999999996, 3.9942]","[4.04315, 4.1359, 4.1924, 4.2966, 4.34825, 4.44735, 4.5086, 4.6141, 4.68625, 4.794, 4.8425]",False,G,hit,CR,nHIT
55,0.0,0.0,0.0,[],[],[],[],False,N,CR,hit,nCATCH
56,0.2987999999999999,1.7012,1.7441000000000004,"[-0.4547500000000002, -0.41679999999999984, -0.25050000000000017, -0.19874999999999998, -0.05929999999999991, -0.013199999999999878]","[0.29879999999999995, 0.3517000000000001, 0.5117500000000001, 0.5607000000000002, 0.6827999999999999, 0.7414999999999998, 0.8609499999999999, 0.9070499999999999, 1.0195499999999997, 1.0754000000000001, 1.1862500000000002, 1.23815, 1.3509000000000002, 1.4160500000000003, 1.5335, 1.5799000000000003, 1.6981000000000002, 1.7614, 1.8714500000000003, 1.9274500000000003]","[2.2558999999999996, 2.3051000000000004, 2.4494499999999997, 2.4945000000000004, 2.8240499999999997, 2.8443500000000004, 2.97795, 3.0313499999999998, 3.1781499999999996, 3.2363, 3.4717000000000002, 3.5092499999999998]","[4.75495, 4.78105, 4.9269, 4.94775]",True,N,early lick,CR,early lick
57,0.6669499999999999,1.33305,1.93305,[],"[0.6669499999999999, 0.7139500000000001, 0.86625, 0.9127000000000001, 1.05645, 1.1385500000000004, 1.2359, 1.3034499999999998, 1.4105499999999997, 1.4635499999999997, 1.5803000000000003, 1.63305, 1.73855, 1.79155, 1.9148500000000004, 1.9629500000000002]","[2.0669500000000003, 2.1192, 2.4426500000000004, 2.4829499999999998, 2.5686, 2.6166, 2.6986999999999997, 2.7466, 2.83005, 2.8819, 2.9669, 3.0191999999999997, 3.107, 3.1599000000000004, 3.2531499999999998, 3.30445, 3.3893000000000004, 3.4452999999999996, 3.535, 3.6068499999999997, 3.70245, 3.7582000000000004, 3.8411999999999997, 3.8974, 3.9947]","[4.049, 4.15405, 4.21075, 4.2997, 4.3664, 4.3855, 4.388, 4.4721, 4.53685, 4.63535, 4.6846, 4.7882, 4.86125, 4.95625]",False,G,hit,early lick,post-mistake-HIT
58,0.0,0.0,0.0,[],[],[],[],False,N,CR,hit,nCATCH
59,0.6005500000000001,1.39945,1.95815,[],"[0.6005500000000001, 0.6452499999999999, 0.7684500000000001, 0.81575, 0.9330500000000002, 0.9826999999999999, 1.10635, 1.1595500000000003, 1.2789000000000001, 1.3361, 1.4457000000000004, 1.5080999999999998, 1.6026499999999997, 1.6555499999999999, 1.7457500000000001, 1.8040000000000003, 1.8956499999999998, 1.9446000000000003]","[2.04185, 2.09075, 2.1997999999999998, 2.22905, 2.3166, 2.3194999999999997, 2.4194000000000004, 2.4570499999999997, 2.5476, 2.59375, 2.6754499999999997, 2.7182000000000004, 2.8028500000000003, 2.85395, 2.9416, 2.9913999999999996, 3.07325, 3.1241000000000003, 3.2244, 3.2758000000000003, 3.3657500000000002, 3.41725, 3.5096499999999997, 3.5594, 3.64745, 3.70245, 3.7993499999999996, 3.85215, 3.9406499999999998, 3.9968000000000004]","[4.09335, 4.14705, 4.2497, 4.29905, 4.3815, 4.439, 4.53725, 4.6027, 4.7144, 4.77625, 4.88065, 4.9083]",False,G,hit,CR,nHIT
